state_fips,state_abbr,year,electric_bill_monthly,electric_bill_annual,construction_flag_electric,source_electric
01,AL,2008,132.15654543166235,1585.878545179948,reconstructed_revenue_customers,EIA_revenue_customers_annual
01,AL,2009,131.4233946692268,1577.0807360307217,reconstructed_revenue_customers,EIA_revenue_customers_annual
01,AL,2010,147.6894083017012,1772.2728996204146,reconstructed_revenue_customers,EIA_revenue_customers_annual
01,AL,2011,142.4059273087918,1708.8711277055015,reconstructed_revenue_customers,EIA_revenue_customers_annual
01,AL,2012,135.26334002331654,1623.1600802797984,reconstructed_revenue_customers,EIA_revenue_customers_annual
01,AL,2013,136.35753055494052,1636.2903666592863,reconstructed_revenue_customers,EIA_revenue_customers_annual
01,AL,2014,145.24896418547416,1742.98757022569,reconstructed_revenue_customers,EIA_revenue_customers_annual
01,AL,2015,142.4831104814895,1709.797325777874,reconstructed_revenue_customers,EIA_revenue_customers_annual
01,AL,2016,145.54516988143396,1746.5420385772077,reconstructed_revenue_customers,EIA_revenue_customers_annual
01,AL,2017,142.55483847068476,1710.658061648217,reconstructed_revenue_customers,EIA_revenue_customers_annual
01,AL,2018,150.54397782673806,1806.5277339208567,reconstructed_revenue_customers,EIA_revenue_customers_annual
01,AL,2019,150.45259714519636,1805.4311657423564,reconstructed_revenue_customers,EIA_revenue_customers_annual
01,AL,2020,143.95420172654414,1727.4504207185296,reconstructed_revenue_customers,EIA_revenue_customers_annual
01,AL,2021,147.7457868799098,1772.9494425589173,reconstructed_revenue_customers,EIA_HS861_2010
01,AL,2022,167.79957064835017,2013.5948477802021,reconstructed_revenue_customers,EIA_HS861_2010
01,AL,2023,162.67492296547985,1952.0990755857583,reconstructed_revenue_customers,EIA_HS861_2010
02,AK,2008,109.30168685335634,1311.6202422402762,reconstructed_revenue_customers,EIA_revenue_customers_annual
02,AK,2009,112.12564953320113,1345.5077943984134,reconstructed_revenue_customers,EIA_revenue_customers_annual
02,AK,2010,104.28770340300146,1251.4524408360176,reconstructed_revenue_customers,EIA_revenue_customers_annual
02,AK,2011,114.41730112650856,1373.0076135181027,reconstructed_revenue_customers,EIA_revenue_customers_annual
02,AK,2012,116.88967157459014,1402.6760588950815,reconstructed_revenue_customers,EIA_revenue_customers_annual
02,AK,2013,114.56165659844318,1374.7398791813182,reconstructed_revenue_customers,EIA_revenue_customers_annual
02,AK,2014,115.79459774444103,1389.5351729332926,reconstructed_revenue_customers,EIA_revenue_customers_annual
02,AK,2015,119.64099730057175,1435.6919676068612,reconstructed_revenue_customers,EIA_revenue_customers_annual
02,AK,2016,119.84425380686766,1438.131045682412,reconstructed_revenue_customers,EIA_revenue_customers_annual
02,AK,2017,127.82773357788146,1533.9328029345777,reconstructed_revenue_customers,EIA_revenue_customers_annual
02,AK,2018,125.56748491150944,1506.8098189381135,reconstructed_revenue_customers,EIA_revenue_customers_annual
02,AK,2019,127.29066565268992,1527.487987832279,reconstructed_revenue_customers,EIA_revenue_customers_annual
02,AK,2020,124.66001285923367,1495.9201543108045,reconstructed_revenue_customers,EIA_revenue_customers_annual
02,AK,2021,133.89308522339354,1606.7170226807225,reconstructed_revenue_customers,EIA_HS861_2010
02,AK,2022,134.11437986207832,1609.37255834494,reconstructed_revenue_customers,EIA_HS861_2010
02,AK,2023,137.88128421204263,1654.5754105445117,reconstructed_revenue_customers,EIA_HS861_2010
04,AZ,2008,112.46540144214764,1349.5848173057718,reconstructed_revenue_customers,EIA_revenue_customers_annual
04,AZ,2009,115.42005796035164,1385.0406955242197,reconstructed_revenue_customers,EIA_revenue_customers_annual
04,AZ,2010,116.08797569610157,1393.0557083532187,reconstructed_revenue_customers,EIA_revenue_customers_annual
04,AZ,2011,118.61873375612385,1423.424805073486,reconstructed_revenue_customers,EIA_revenue_customers_annual
04,AZ,2012,119.84008717899928,1438.0810461479914,reconstructed_revenue_customers,EIA_revenue_customers_annual
04,AZ,2013,122.84882317498511,1474.1858780998216,reconstructed_revenue_customers,EIA_revenue_customers_annual
04,AZ,2014,120.5059008786635,1446.070810543962,reconstructed_revenue_customers,EIA_revenue_customers_annual
04,AZ,2015,124.67458072461822,1496.0949686954186,reconstructed_revenue_customers,EIA_revenue_customers_annual
04,AZ,2016,125.188374530516,1502.260494366192,reconstructed_revenue_customers,EIA_revenue_customers_annual
04,AZ,2017,128.3986981893908,1540.7843782726895,reconstructed_revenue_customers,EIA_revenue_customers_annual
04,AZ,2018,131.3104625061246,1575.725550073495,reconstructed_revenue_customers,EIA_revenue_customers_annual
04,AZ,2019,126.08897384663608,1513.067686159633,reconstructed_revenue_customers,EIA_revenue_customers_annual
04,AZ,2020,136.6969071415098,1640.3628856981177,reconstructed_revenue_customers,EIA_revenue_customers_annual
04,AZ,2021,131.3524597332564,1576.229516799077,reconstructed_revenue_customers,EIA_HS861_2010
04,AZ,2022,138.12663443942867,1657.519613273144,reconstructed_revenue_customers,EIA_HS861_2010
04,AZ,2023,148.44295181136468,1781.3154217363763,reconstructed_revenue_customers,EIA_HS861_2010
05,AR,2008,102.68615510782058,1232.233861293847,reconstructed_revenue_customers,EIA_revenue_customers_annual
05,AR,2009,98.37697075604486,1180.5236490725383,reconstructed_revenue_customers,EIA_revenue_customers_annual
05,AR,2010,107.2784697690487,1287.3416372285844,reconstructed_revenue_customers,EIA_revenue_customers_annual
05,AR,2011,106.26702381866556,1275.2042858239868,reconstructed_revenue_customers,EIA_revenue_customers_annual
05,AR,2012,104.13560794522756,1249.6272953427306,reconstructed_revenue_customers,EIA_revenue_customers_annual
05,AR,2013,108.63844350889764,1303.661322106772,reconstructed_revenue_customers,EIA_revenue_customers_annual
05,AR,2014,108.62901289136356,1303.5481546963626,reconstructed_revenue_customers,EIA_revenue_customers_annual
05,AR,2015,110.2158760719356,1322.590512863227,reconstructed_revenue_customers,EIA_revenue_customers_annual
05,AR,2016,107.44469696471609,1289.336363576593,reconstructed_revenue_customers,EIA_revenue_customers_annual
05,AR,2017,105.64474428150808,1267.7369313780969,reconstructed_revenue_customers,EIA_revenue_customers_annual
05,AR,2018,113.36275177823973,1360.3530213388765,reconstructed_revenue_customers,EIA_revenue_customers_annual
05,AR,2019,109.46252454893202,1313.5502945871842,reconstructed_revenue_customers,EIA_revenue_customers_annual
05,AR,2020,110.33104820927868,1323.9725785113442,reconstructed_revenue_customers,EIA_revenue_customers_annual
05,AR,2021,123.68604217754711,1484.2325061305653,reconstructed_revenue_customers,EIA_HS861_2010
05,AR,2022,133.77620495763486,1605.3144594916184,reconstructed_revenue_customers,EIA_HS861_2010
05,AR,2023,128.50812416113052,1542.0974899335663,reconstructed_revenue_customers,EIA_HS861_2010
06,CA,2008,81.09900847520207,973.1881017024248,reconstructed_revenue_customers,EIA_revenue_customers_annual
06,CA,2009,85.44876223166285,1025.3851467799543,reconstructed_revenue_customers,EIA_revenue_customers_annual
06,CA,2010,82.85480076319097,994.2576091582916,reconstructed_revenue_customers,EIA_revenue_customers_annual
06,CA,2011,83.70482509906704,1004.4579011888044,reconstructed_revenue_customers,EIA_revenue_customers_annual
06,CA,2012,87.9107782973043,1054.9293395676516,reconstructed_revenue_customers,EIA_revenue_customers_annual
06,CA,2013,91.03166268193252,1092.3799521831902,reconstructed_revenue_customers,EIA_revenue_customers_annual
06,CA,2014,91.2625636802708,1095.1507641632495,reconstructed_revenue_customers,EIA_revenue_customers_annual
06,CA,2015,94.5880083559256,1135.0561002711072,reconstructed_revenue_customers,EIA_revenue_customers_annual
06,CA,2016,95.2004714270956,1142.4056571251472,reconstructed_revenue_customers,EIA_revenue_customers_annual
06,CA,2017,101.49400102866572,1217.9280123439887,reconstructed_revenue_customers,EIA_revenue_customers_annual
06,CA,2018,102.89918764796391,1234.790251775567,reconstructed_revenue_customers,EIA_revenue_customers_annual
06,CA,2019,101.91645328617147,1222.997439434058,reconstructed_revenue_customers,EIA_revenue_customers_annual
06,CA,2020,116.93596137851928,1403.2315365422312,reconstructed_revenue_customers,EIA_revenue_customers_annual
06,CA,2021,123.66993724332254,1484.0392469198705,reconstructed_revenue_customers,EIA_HS861_2010
06,CA,2022,138.28975548098404,1659.4770657718086,reconstructed_revenue_customers,EIA_HS861_2010
06,CA,2023,144.81332158511123,1737.7598590213347,reconstructed_revenue_customers,EIA_HS861_2010
08,CO,2008,68.80149819626911,825.6179783552293,reconstructed_revenue_customers,EIA_revenue_customers_annual
08,CO,2009,68.6871741152027,824.2460893824323,reconstructed_revenue_customers,EIA_revenue_customers_annual
08,CO,2010,78.21828477269122,938.6194172722946,reconstructed_revenue_customers,EIA_revenue_customers_annual
08,CO,2011,80.11852291084985,961.4222749301982,reconstructed_revenue_customers,EIA_revenue_customers_annual
08,CO,2012,80.93959584804318,971.2751501765182,reconstructed_revenue_customers,EIA_revenue_customers_annual
08,CO,2013,84.90641270602227,1018.8769524722672,reconstructed_revenue_customers,EIA_revenue_customers_annual
08,CO,2014,83.72532124925539,1004.7038549910646,reconstructed_revenue_customers,EIA_revenue_customers_annual
08,CO,2015,83.4181371612995,1001.017645935594,reconstructed_revenue_customers,EIA_revenue_customers_annual
08,CO,2016,83.84626037800633,1006.155124536076,reconstructed_revenue_customers,EIA_revenue_customers_annual
08,CO,2017,82.46655462126118,989.598655455134,reconstructed_revenue_customers,EIA_revenue_customers_annual
08,CO,2018,83.89923230836932,1006.7907877004318,reconstructed_revenue_customers,EIA_revenue_customers_annual
08,CO,2019,83.06615772860725,996.793892743287,reconstructed_revenue_customers,EIA_revenue_customers_annual
08,CO,2020,87.88057359801063,1054.5668831761277,reconstructed_revenue_customers,EIA_revenue_customers_annual
08,CO,2021,91.9633548892006,1103.5602586704072,reconstructed_revenue_customers,EIA_HS861_2010
08,CO,2022,98.17927170868347,1178.1512605042017,reconstructed_revenue_customers,EIA_HS861_2010
08,CO,2023,94.64877582571584,1135.78530990859,reconstructed_revenue_customers,EIA_HS861_2010
09,CT,2008,142.7757079499752,1713.308495399703,reconstructed_revenue_customers,EIA_revenue_customers_annual
09,CT,2009,147.25536937870675,1767.064432544481,reconstructed_revenue_customers,EIA_revenue_customers_annual
09,CT,2010,144.32957617903563,1731.9549141484276,reconstructed_revenue_customers,EIA_revenue_customers_annual
09,CT,2011,134.0668728299208,1608.8024739590496,reconstructed_revenue_customers,EIA_revenue_customers_annual
09,CT,2012,126.75400032951777,1521.048003954213,reconstructed_revenue_customers,EIA_revenue_customers_annual
09,CT,2013,132.0664168092247,1584.7970017106963,reconstructed_revenue_customers,EIA_revenue_customers_annual
09,CT,2014,144.10188004386762,1729.2225605264116,reconstructed_revenue_customers,EIA_revenue_customers_annual
09,CT,2015,153.13042760015375,1837.565131201845,reconstructed_revenue_customers,EIA_revenue_customers_annual
09,CT,2016,142.18863047878995,1706.2635657454798,reconstructed_revenue_customers,EIA_revenue_customers_annual
09,CT,2017,139.97011409866113,1679.6413691839334,reconstructed_revenue_customers,EIA_revenue_customers_annual
09,CT,2018,153.46086090253314,1841.5303308303976,reconstructed_revenue_customers,EIA_revenue_customers_annual
09,CT,2019,150.71467524749067,1808.576102969888,reconstructed_revenue_customers,EIA_revenue_customers_annual
09,CT,2020,161.54738550919765,1938.568626110372,reconstructed_revenue_customers,EIA_revenue_customers_annual
09,CT,2021,156.20585555354427,1874.4702666425312,reconstructed_revenue_customers,EIA_HS861_2010
09,CT,2022,176.104569428234,2113.254833138808,reconstructed_revenue_customers,EIA_HS861_2010
09,CT,2023,202.7402427964723,2432.8829135576675,reconstructed_revenue_customers,EIA_HS861_2010
10,DE,2008,131.22793360727562,1574.7352032873073,reconstructed_revenue_customers,EIA_revenue_customers_annual
10,DE,2009,129.07403081485694,1548.8883697782833,reconstructed_revenue_customers,EIA_revenue_customers_annual
10,DE,2010,138.23945463511345,1658.8734556213612,reconstructed_revenue_customers,EIA_revenue_customers_annual
10,DE,2011,132.829618689019,1593.955424268228,reconstructed_revenue_customers,EIA_revenue_customers_annual
10,DE,2012,127.92501462507312,1535.1001755008774,reconstructed_revenue_customers,EIA_revenue_customers_annual
10,DE,2013,122.25054251885702,1467.0065102262845,reconstructed_revenue_customers,EIA_revenue_customers_annual
10,DE,2014,126.25519008215792,1515.0622809858949,reconstructed_revenue_customers,EIA_revenue_customers_annual
10,DE,2015,131.18129376337845,1574.1755251605414,reconstructed_revenue_customers,EIA_revenue_customers_annual
10,DE,2016,127.03446444388258,1524.413573326591,reconstructed_revenue_customers,EIA_revenue_customers_annual
10,DE,2017,121.72951612915844,1460.7541935499014,reconstructed_revenue_customers,EIA_revenue_customers_annual
10,DE,2018,122.43486129770986,1469.2183355725183,reconstructed_revenue_customers,EIA_revenue_customers_annual
10,DE,2019,119.1619588903538,1429.9435066842454,reconstructed_revenue_customers,EIA_revenue_customers_annual
10,DE,2020,117.08580191032752,1405.0296229239304,reconstructed_revenue_customers,EIA_revenue_customers_annual
10,DE,2021,118.84565487917935,1426.1478585501523,reconstructed_revenue_customers,EIA_HS861_2010
10,DE,2022,128.9864148413957,1547.8369780967487,reconstructed_revenue_customers,EIA_HS861_2010
10,DE,2023,138.04130600950555,1656.4956721140666,reconstructed_revenue_customers,EIA_HS861_2010
11,DC,2008,93.97253755171276,1127.670450620553,reconstructed_revenue_customers,EIA_revenue_customers_annual
11,DC,2009,97.9820614323802,1175.7847371885623,reconstructed_revenue_customers,EIA_revenue_customers_annual
11,DC,2010,108.93210283454188,1307.1852340145024,reconstructed_revenue_customers,EIA_revenue_customers_annual
11,DC,2011,100.29563448826904,1203.5476138592285,reconstructed_revenue_customers,EIA_revenue_customers_annual
11,DC,2012,88.51220038868495,1062.1464046642193,reconstructed_revenue_customers,EIA_revenue_customers_annual
11,DC,2013,90.50542094095182,1086.065051291422,reconstructed_revenue_customers,EIA_revenue_customers_annual
11,DC,2014,91.90428443107515,1102.851413172902,reconstructed_revenue_customers,EIA_revenue_customers_annual
11,DC,2015,109.20862815140482,1310.503537816858,reconstructed_revenue_customers,EIA_revenue_customers_annual
11,DC,2016,98.7906334813718,1185.4876017764618,reconstructed_revenue_customers,EIA_revenue_customers_annual
11,DC,2017,96.51845093874948,1158.2214112649935,reconstructed_revenue_customers,EIA_revenue_customers_annual
11,DC,2018,101.01154473143418,1212.1385367772102,reconstructed_revenue_customers,EIA_revenue_customers_annual
11,DC,2019,97.62485076715426,1171.498209205851,reconstructed_revenue_customers,EIA_revenue_customers_annual
11,DC,2020,88.89192997918288,1066.7031597501946,reconstructed_revenue_customers,EIA_revenue_customers_annual
11,DC,2021,92.41534461587622,1108.9841353905147,reconstructed_revenue_customers,EIA_HS861_2010
11,DC,2022,97.14708198461592,1165.7649838153911,reconstructed_revenue_customers,EIA_HS861_2010
11,DC,2023,103.84915639451044,1246.1898767341254,reconstructed_revenue_customers,EIA_HS861_2010
12,FL,2008,130.5150556030291,1566.180667236349,reconstructed_revenue_customers,EIA_revenue_customers_annual
12,FL,2009,140.32743433647008,1683.9292120376408,reconstructed_revenue_customers,EIA_revenue_customers_annual
12,FL,2010,136.61141961977538,1639.3370354373046,reconstructed_revenue_customers,EIA_revenue_customers_annual
12,FL,2011,130.10291912880123,1561.235029545615,reconstructed_revenue_customers,EIA_revenue_customers_annual
12,FL,2012,123.44817191768804,1481.3780630122565,reconstructed_revenue_customers,EIA_revenue_customers_annual
12,FL,2013,121.53241014511192,1458.388921741343,reconstructed_revenue_customers,EIA_revenue_customers_annual
12,FL,2014,129.85516097515622,1558.2619317018748,reconstructed_revenue_customers,EIA_revenue_customers_annual
12,FL,2015,132.16423413130966,1585.970809575716,reconstructed_revenue_customers,EIA_revenue_customers_annual
12,FL,2016,123.3737400830279,1480.4848809963348,reconstructed_revenue_customers,EIA_revenue_customers_annual
12,FL,2017,126.43649152231482,1517.2378982677778,reconstructed_revenue_customers,EIA_revenue_customers_annual
12,FL,2018,128.10186229711303,1537.2223475653564,reconstructed_revenue_customers,EIA_revenue_customers_annual
12,FL,2019,129.65181020058236,1555.8217224069883,reconstructed_revenue_customers,EIA_revenue_customers_annual
12,FL,2020,128.6358901066055,1543.630681279266,reconstructed_revenue_customers,EIA_revenue_customers_annual
12,FL,2021,130.3989544806706,1564.7874537680473,reconstructed_revenue_customers,EIA_HS861_2010
12,FL,2022,154.50499944387894,1854.0599933265473,reconstructed_revenue_customers,EIA_HS861_2010
12,FL,2023,168.3542144453718,2020.2505733444618,reconstructed_revenue_customers,EIA_HS861_2010
13,GA,2008,113.95690077936224,1367.4828093523467,reconstructed_revenue_customers,EIA_revenue_customers_annual
13,GA,2009,114.641409120579,1375.6969094469482,reconstructed_revenue_customers,EIA_revenue_customers_annual
13,GA,2010,127.40808070094516,1528.896968411342,reconstructed_revenue_customers,EIA_revenue_customers_annual
13,GA,2011,131.15075711013432,1573.8090853216115,reconstructed_revenue_customers,EIA_revenue_customers_annual
13,GA,2012,122.72951002068535,1472.7541202482244,reconstructed_revenue_customers,EIA_revenue_customers_annual
13,GA,2013,124.66938739616938,1496.0326487540326,reconstructed_revenue_customers,EIA_revenue_customers_annual
13,GA,2014,134.14253981352766,1609.710477762332,reconstructed_revenue_customers,EIA_revenue_customers_annual
13,GA,2015,129.46055660789048,1553.526679294686,reconstructed_revenue_customers,EIA_revenue_customers_annual
13,GA,2016,130.8683540305707,1570.420248366849,reconstructed_revenue_customers,EIA_revenue_customers_annual
13,GA,2017,126.3835404905976,1516.6024858871713,reconstructed_revenue_customers,EIA_revenue_customers_annual
13,GA,2018,131.05366663749822,1572.6439996499787,reconstructed_revenue_customers,EIA_revenue_customers_annual
13,GA,2019,131.8356526014497,1582.0278312173964,reconstructed_revenue_customers,EIA_revenue_customers_annual
13,GA,2020,129.91581374733116,1558.9897649679738,reconstructed_revenue_customers,EIA_revenue_customers_annual
13,GA,2021,134.111533297242,1609.3383995669042,reconstructed_revenue_customers,EIA_HS861_2010
13,GA,2022,151.25240433324197,1815.0288519989035,reconstructed_revenue_customers,EIA_HS861_2010
13,GA,2023,141.6713756293853,1700.0565075526235,reconstructed_revenue_customers,EIA_HS861_2010
15,HI,2008,203.94298960784508,2447.315875294141,reconstructed_revenue_customers,EIA_revenue_customers_annual
15,HI,2009,149.25326738413068,1791.039208609568,reconstructed_revenue_customers,EIA_revenue_customers_annual
15,HI,2010,168.8649389243743,2026.3792670924915,reconstructed_revenue_customers,EIA_revenue_customers_annual
15,HI,2011,202.71648492367436,2432.597819084092,reconstructed_revenue_customers,EIA_revenue_customers_annual
15,HI,2012,203.15275381384072,2437.8330457660886,reconstructed_revenue_customers,EIA_revenue_customers_annual
15,HI,2013,190.36339588275496,2284.3607505930595,reconstructed_revenue_customers,EIA_revenue_customers_annual
15,HI,2014,187.58722042424012,2251.0466450908816,reconstructed_revenue_customers,EIA_revenue_customers_annual
15,HI,2015,152.11783190416938,1825.4139828500324,reconstructed_revenue_customers,EIA_revenue_customers_annual
15,HI,2016,138.7254867835736,1664.7058414028834,reconstructed_revenue_customers,EIA_revenue_customers_annual
15,HI,2017,149.3339138441829,1792.0069661301943,reconstructed_revenue_customers,EIA_revenue_customers_annual
15,HI,2018,168.13270649863463,2017.5924779836157,reconstructed_revenue_customers,EIA_revenue_customers_annual
15,HI,2019,168.21469960214625,2018.5763952257548,reconstructed_revenue_customers,EIA_revenue_customers_annual
15,HI,2020,162.6634796524299,1951.9617558291588,reconstructed_revenue_customers,EIA_revenue_customers_annual
15,HI,2021,177.77815354669494,2133.337842560339,reconstructed_revenue_customers,EIA_HS861_2010
15,HI,2022,221.52567658902322,2658.3081190682788,reconstructed_revenue_customers,EIA_HS861_2010
15,HI,2023,213.22525845859397,2558.7031015031275,reconstructed_revenue_customers,EIA_HS861_2010
16,ID,2008,76.01450880637186,912.1741056764624,reconstructed_revenue_customers,EIA_revenue_customers_annual
16,ID,2009,84.2681202913312,1011.2174434959744,reconstructed_revenue_customers,EIA_revenue_customers_annual
16,ID,2010,81.458099211143,977.497190533716,reconstructed_revenue_customers,EIA_revenue_customers_annual
16,ID,2011,82.50067816372746,990.0081379647296,reconstructed_revenue_customers,EIA_revenue_customers_annual
16,ID,2012,87.51789511827114,1050.2147414192536,reconstructed_revenue_customers,EIA_revenue_customers_annual
16,ID,2013,98.35384449698697,1180.2461339638437,reconstructed_revenue_customers,EIA_revenue_customers_annual
16,ID,2014,95.50501706802729,1146.060204816327,reconstructed_revenue_customers,EIA_revenue_customers_annual
16,ID,2015,95.0059899987692,1140.0718799852305,reconstructed_revenue_customers,EIA_revenue_customers_annual
16,ID,2016,94.8974497164148,1138.7693965969777,reconstructed_revenue_customers,EIA_revenue_customers_annual
16,ID,2017,100.37595569532104,1204.5114683438524,reconstructed_revenue_customers,EIA_revenue_customers_annual
16,ID,2018,95.83949171134992,1150.073900536199,reconstructed_revenue_customers,EIA_revenue_customers_annual
16,ID,2019,93.82930042596124,1125.951605111535,reconstructed_revenue_customers,EIA_revenue_customers_annual
16,ID,2020,95.03788212773736,1140.454585532848,reconstructed_revenue_customers,EIA_revenue_customers_annual
16,ID,2021,97.61640218529362,1171.3968262235235,reconstructed_revenue_customers,EIA_HS861_2010
16,ID,2022,104.23441107194189,1250.8129328633026,reconstructed_revenue_customers,EIA_HS861_2010
16,ID,2023,106.64599036603397,1279.7518843924076,reconstructed_revenue_customers,EIA_HS861_2010
17,IL,2008,84.62637334833882,1015.516480180066,reconstructed_revenue_customers,EIA_revenue_customers_annual
17,IL,2009,82.04480871495791,984.5377045794947,reconstructed_revenue_customers,EIA_revenue_customers_annual
17,IL,2010,92.0275666909136,1104.3308002909632,reconstructed_revenue_customers,EIA_revenue_customers_annual
17,IL,2011,90.7941442515028,1089.5297310180335,reconstructed_revenue_customers,EIA_revenue_customers_annual
17,IL,2012,87.19777357927832,1046.37328295134,reconstructed_revenue_customers,EIA_revenue_customers_annual
17,IL,2013,80.19330846258396,962.3197015510076,reconstructed_revenue_customers,EIA_revenue_customers_annual
17,IL,2014,88.7771552126826,1065.3258625521912,reconstructed_revenue_customers,EIA_revenue_customers_annual
17,IL,2015,89.91358012996426,1078.962961559571,reconstructed_revenue_customers,EIA_revenue_customers_annual
17,IL,2016,91.82993755249808,1101.9592506299769,reconstructed_revenue_customers,EIA_revenue_customers_annual
17,IL,2017,89.62680235717106,1075.5216282860526,reconstructed_revenue_customers,EIA_revenue_customers_annual
17,IL,2018,94.9750890415288,1139.7010684983456,reconstructed_revenue_customers,EIA_revenue_customers_annual
17,IL,2019,92.37202643373509,1108.464317204821,reconstructed_revenue_customers,EIA_revenue_customers_annual
17,IL,2020,93.98261296236991,1127.791355548439,reconstructed_revenue_customers,EIA_revenue_customers_annual
17,IL,2021,95.861394151662,1150.336729819944,reconstructed_revenue_customers,EIA_HS861_2010
17,IL,2022,112.73989315198905,1352.8787178238686,reconstructed_revenue_customers,EIA_HS861_2010
17,IL,2023,105.10506780873453,1261.2608137048144,reconstructed_revenue_customers,EIA_HS861_2010
18,IN,2008,91.94062627143698,1103.2875152572435,reconstructed_revenue_customers,EIA_revenue_customers_annual
18,IN,2009,94.29587823578407,1131.550538829409,reconstructed_revenue_customers,EIA_revenue_customers_annual
18,IN,2010,101.7928283947471,1221.5139407369652,reconstructed_revenue_customers,EIA_revenue_customers_annual
18,IN,2011,103.5386562880671,1242.4638754568052,reconstructed_revenue_customers,EIA_revenue_customers_annual
18,IN,2012,104.93468742685336,1259.2162491222405,reconstructed_revenue_customers,EIA_revenue_customers_annual
18,IN,2013,110.441309488584,1325.295713863008,reconstructed_revenue_customers,EIA_revenue_customers_annual
18,IN,2014,115.5627617016081,1386.753140419297,reconstructed_revenue_customers,EIA_revenue_customers_annual
18,IN,2015,111.5053473238068,1338.0641678856814,reconstructed_revenue_customers,EIA_revenue_customers_annual
18,IN,2016,114.96235869744224,1379.5483043693068,reconstructed_revenue_customers,EIA_revenue_customers_annual
18,IN,2017,114.03663374604665,1368.4396049525596,reconstructed_revenue_customers,EIA_revenue_customers_annual
18,IN,2018,123.3942222150822,1480.7306665809865,reconstructed_revenue_customers,EIA_revenue_customers_annual
18,IN,2019,120.73877396305524,1448.865287556663,reconstructed_revenue_customers,EIA_revenue_customers_annual
18,IN,2020,120.33829566667328,1444.0595480000795,reconstructed_revenue_customers,EIA_revenue_customers_annual
18,IN,2021,126.50590765134193,1518.070891816103,reconstructed_revenue_customers,EIA_HS861_2010
18,IN,2022,138.60739746195335,1663.2887695434401,reconstructed_revenue_customers,EIA_HS861_2010
18,IN,2023,130.89725258318492,1570.767030998219,reconstructed_revenue_customers,EIA_HS861_2010
19,IA,2008,83.93778736390671,1007.2534483668804,reconstructed_revenue_customers,EIA_revenue_customers_annual
19,IA,2009,86.25261985638429,1035.0314382766114,reconstructed_revenue_customers,EIA_revenue_customers_annual
19,IA,2010,95.1920682543412,1142.3048190520944,reconstructed_revenue_customers,EIA_revenue_customers_annual
19,IA,2011,93.93828882514164,1127.2594659016995,reconstructed_revenue_customers,EIA_revenue_customers_annual
19,IA,2012,94.49651180332226,1133.958141639867,reconstructed_revenue_customers,EIA_revenue_customers_annual
19,IA,2013,100.29808062311992,1203.576967477439,reconstructed_revenue_customers,EIA_revenue_customers_annual
19,IA,2014,99.48508659210766,1193.821039105292,reconstructed_revenue_customers,EIA_revenue_customers_annual
19,IA,2015,98.52763035038578,1182.331564204629,reconstructed_revenue_customers,EIA_revenue_customers_annual
19,IA,2016,103.17355482588148,1238.0826579105778,reconstructed_revenue_customers,EIA_revenue_customers_annual
19,IA,2017,102.55120375438868,1230.6144450526642,reconstructed_revenue_customers,EIA_revenue_customers_annual
19,IA,2018,109.27380674038815,1311.285680884658,reconstructed_revenue_customers,EIA_revenue_customers_annual
19,IA,2019,108.03578756990116,1296.429450838814,reconstructed_revenue_customers,EIA_revenue_customers_annual
19,IA,2020,107.77671526816808,1293.320583218017,reconstructed_revenue_customers,EIA_revenue_customers_annual
19,IA,2021,109.62639501894517,1315.516740227342,reconstructed_revenue_customers,EIA_HS861_2010
19,IA,2022,116.69684084953298,1400.3620901943957,reconstructed_revenue_customers,EIA_HS861_2010
19,IA,2023,112.60207780161653,1351.2249336193984,reconstructed_revenue_customers,EIA_HS861_2010
20,KS,2008,79.68389687989706,956.2067625587648,reconstructed_revenue_customers,EIA_revenue_customers_annual
20,KS,2009,86.36841661416658,1036.420999369999,reconstructed_revenue_customers,EIA_revenue_customers_annual
20,KS,2010,98.72625379625995,1184.7150455551196,reconstructed_revenue_customers,EIA_revenue_customers_annual
20,KS,2011,104.69880833177692,1256.3856999813231,reconstructed_revenue_customers,EIA_revenue_customers_annual
20,KS,2012,106.18842708518174,1274.261125022181,reconstructed_revenue_customers,EIA_revenue_customers_annual
20,KS,2013,107.85135004381355,1294.2162005257628,reconstructed_revenue_customers,EIA_revenue_customers_annual
20,KS,2014,112.9492450171894,1355.3909402062727,reconstructed_revenue_customers,EIA_revenue_customers_annual
20,KS,2015,110.57748769446,1326.92985233352,reconstructed_revenue_customers,EIA_revenue_customers_annual
20,KS,2016,117.34436368609283,1408.132364233114,reconstructed_revenue_customers,EIA_revenue_customers_annual
20,KS,2017,114.65118255182152,1375.8141906218582,reconstructed_revenue_customers,EIA_revenue_customers_annual
20,KS,2018,124.67589330755224,1496.1107196906269,reconstructed_revenue_customers,EIA_revenue_customers_annual
20,KS,2019,113.25510835022936,1359.0613002027524,reconstructed_revenue_customers,EIA_revenue_customers_annual
20,KS,2020,113.5173755248732,1362.2085062984784,reconstructed_revenue_customers,EIA_revenue_customers_annual
20,KS,2021,115.5307789594295,1386.369347513154,reconstructed_revenue_customers,EIA_HS861_2010
20,KS,2022,129.7965803401675,1557.55896408201,reconstructed_revenue_customers,EIA_HS861_2010
20,KS,2023,117.90739098305731,1414.8886917966877,reconstructed_revenue_customers,EIA_HS861_2010
21,KY,2008,94.63891231458688,1135.666947775043,reconstructed_revenue_customers,EIA_revenue_customers_annual
21,KY,2009,96.25620642170696,1155.0744770604836,reconstructed_revenue_customers,EIA_revenue_customers_annual
21,KY,2010,107.7680793398064,1293.2169520776768,reconstructed_revenue_customers,EIA_revenue_customers_annual
21,KY,2011,108.15565418025436,1297.8678501630525,reconstructed_revenue_customers,EIA_revenue_customers_annual
21,KY,2012,106.54238740601726,1278.508648872207,reconstructed_revenue_customers,EIA_revenue_customers_annual
21,KY,2013,112.9502982826464,1355.4035793917567,reconstructed_revenue_customers,EIA_revenue_customers_annual
21,KY,2014,119.66214640385516,1435.9457568462622,reconstructed_revenue_customers,EIA_revenue_customers_annual
21,KY,2015,114.71706004447029,1376.604720533643,reconstructed_revenue_customers,EIA_revenue_customers_annual
21,KY,2016,117.64655039100316,1411.7586046920378,reconstructed_revenue_customers,EIA_revenue_customers_annual
21,KY,2017,114.15166837307454,1369.8200204768946,reconstructed_revenue_customers,EIA_revenue_customers_annual
21,KY,2018,123.57193104364237,1482.8631725237085,reconstructed_revenue_customers,EIA_revenue_customers_annual
21,KY,2019,120.07925622395646,1440.9510746874776,reconstructed_revenue_customers,EIA_revenue_customers_annual
21,KY,2020,116.6232602251342,1399.4791227016103,reconstructed_revenue_customers,EIA_revenue_customers_annual
21,KY,2021,124.66911840071502,1496.0294208085802,reconstructed_revenue_customers,EIA_HS861_2010
21,KY,2022,141.2253029618518,1694.7036355422217,reconstructed_revenue_customers,EIA_HS861_2010
21,KY,2023,125.79909008660944,1509.5890810393132,reconstructed_revenue_customers,EIA_HS861_2010
22,LA,2008,128.76379128749468,1545.1654954499363,reconstructed_revenue_customers,EIA_revenue_customers_annual
22,LA,2009,103.18806510131505,1238.2567812157806,reconstructed_revenue_customers,EIA_revenue_customers_annual
22,LA,2010,123.96140262676614,1487.5368315211938,reconstructed_revenue_customers,EIA_revenue_customers_annual
22,LA,2011,120.83654384613118,1450.038526153574,reconstructed_revenue_customers,EIA_revenue_customers_annual
22,LA,2012,104.99248953938904,1259.9098744726684,reconstructed_revenue_customers,EIA_revenue_customers_annual
22,LA,2013,119.98253974884024,1439.790476986083,reconstructed_revenue_customers,EIA_revenue_customers_annual
22,LA,2014,123.60732258986302,1483.287871078356,reconstructed_revenue_customers,EIA_revenue_customers_annual
22,LA,2015,120.02334749024672,1440.2801698829608,reconstructed_revenue_customers,EIA_revenue_customers_annual
22,LA,2016,115.7921214054416,1389.5054568652993,reconstructed_revenue_customers,EIA_revenue_customers_annual
22,LA,2017,115.53723810832771,1386.4468572999326,reconstructed_revenue_customers,EIA_revenue_customers_annual
22,LA,2018,122.8619069201212,1474.3428830414546,reconstructed_revenue_customers,EIA_revenue_customers_annual
22,LA,2019,120.70087671827332,1448.41052061928,reconstructed_revenue_customers,EIA_revenue_customers_annual
22,LA,2020,116.07072429033708,1392.8486914840448,reconstructed_revenue_customers,EIA_revenue_customers_annual
22,LA,2021,131.36577530800906,1576.3893036961088,reconstructed_revenue_customers,EIA_HS861_2010
22,LA,2022,159.235819913786,1910.829838965432,reconstructed_revenue_customers,EIA_HS861_2010
22,LA,2023,142.96141819269053,1715.5370183122864,reconstructed_revenue_customers,EIA_HS861_2010
23,ME,2008,84.6726721198943,1016.0720654387316,reconstructed_revenue_customers,EIA_revenue_customers_annual
23,ME,2009,81.53134277237707,978.3761132685248,reconstructed_revenue_customers,EIA_revenue_customers_annual
23,ME,2010,81.83395866833423,982.0075040200109,reconstructed_revenue_customers,EIA_revenue_customers_annual
23,ME,2011,80.09474787369801,961.1369744843762,reconstructed_revenue_customers,EIA_revenue_customers_annual
23,ME,2012,77.7742254808626,933.2907057703512,reconstructed_revenue_customers,EIA_revenue_customers_annual
23,ME,2013,79.13010062313032,949.5612074775638,reconstructed_revenue_customers,EIA_revenue_customers_annual
23,ME,2014,83.90633310323756,1006.8759972388508,reconstructed_revenue_customers,EIA_revenue_customers_annual
23,ME,2015,86.75144430413359,1041.017331649603,reconstructed_revenue_customers,EIA_revenue_customers_annual
23,ME,2016,86.48222108778849,1037.7866530534618,reconstructed_revenue_customers,EIA_revenue_customers_annual
23,ME,2017,87.20511581556917,1046.46138978683,reconstructed_revenue_customers,EIA_revenue_customers_annual
23,ME,2018,96.33095160278444,1155.9714192334134,reconstructed_revenue_customers,EIA_revenue_customers_annual
23,ME,2019,100.53059471341884,1206.367136561026,reconstructed_revenue_customers,EIA_revenue_customers_annual
23,ME,2020,95.772031753951,1149.264381047412,reconstructed_revenue_customers,EIA_revenue_customers_annual
23,ME,2021,99.43797971851897,1193.2557566222276,reconstructed_revenue_customers,EIA_HS861_2010
23,ME,2022,130.77573564928193,1569.308827791383,reconstructed_revenue_customers,EIA_HS861_2010
23,ME,2023,153.5559110654504,1842.6709327854048,reconstructed_revenue_customers,EIA_HS861_2010
24,MD,2008,143.69287698417253,1724.3145238100703,reconstructed_revenue_customers,EIA_revenue_customers_annual
24,MD,2009,153.7346329188734,1844.8155950264809,reconstructed_revenue_customers,EIA_revenue_customers_annual
24,MD,2010,156.9031104494036,1882.8373253928437,reconstructed_revenue_customers,EIA_revenue_customers_annual
24,MD,2011,137.16641417743992,1645.996970129279,reconstructed_revenue_customers,EIA_revenue_customers_annual
24,MD,2012,128.99757882529104,1547.9709459034923,reconstructed_revenue_customers,EIA_revenue_customers_annual
24,MD,2013,136.62972273347552,1639.556672801706,reconstructed_revenue_customers,EIA_revenue_customers_annual
24,MD,2014,139.67854934446314,1676.1425921335576,reconstructed_revenue_customers,EIA_revenue_customers_annual
24,MD,2015,139.9091842543479,1678.910211052175,reconstructed_revenue_customers,EIA_revenue_customers_annual
24,MD,2016,141.53258975399945,1698.3910770479931,reconstructed_revenue_customers,EIA_revenue_customers_annual
24,MD,2017,131.1596602496957,1573.9159229963484,reconstructed_revenue_customers,EIA_revenue_customers_annual
24,MD,2018,133.6760532363394,1604.112638836073,reconstructed_revenue_customers,EIA_revenue_customers_annual
24,MD,2019,127.92324733390434,1535.0789680068522,reconstructed_revenue_customers,EIA_revenue_customers_annual
24,MD,2020,124.50239792768116,1494.028775132174,reconstructed_revenue_customers,EIA_revenue_customers_annual
24,MD,2021,127.61805944521473,1531.4167133425767,reconstructed_revenue_customers,EIA_HS861_2010
24,MD,2022,139.98663578477334,1679.83962941728,reconstructed_revenue_customers,EIA_HS861_2010
24,MD,2023,148.45153029167486,1781.4183635000982,reconstructed_revenue_customers,EIA_HS861_2010
25,MA,2008,108.54986542797704,1302.5983851357246,reconstructed_revenue_customers,EIA_revenue_customers_annual
25,MA,2009,102.87360747712704,1234.4832897255244,reconstructed_revenue_customers,EIA_revenue_customers_annual
25,MA,2010,97.3476197045644,1168.171436454773,reconstructed_revenue_customers,EIA_revenue_customers_annual
25,MA,2011,92.9166351097759,1114.9996213173108,reconstructed_revenue_customers,EIA_revenue_customers_annual
25,MA,2012,93.5264219246049,1122.3170630952588,reconstructed_revenue_customers,EIA_revenue_customers_annual
25,MA,2013,100.9710227697136,1211.6522732365634,reconstructed_revenue_customers,EIA_revenue_customers_annual
25,MA,2014,106.93641990376922,1283.2370388452307,reconstructed_revenue_customers,EIA_revenue_customers_annual
25,MA,2015,119.26473931137394,1431.176871736487,reconstructed_revenue_customers,EIA_revenue_customers_annual
25,MA,2016,113.767581888686,1365.210982664232,reconstructed_revenue_customers,EIA_revenue_customers_annual
25,MA,2017,116.86189561391014,1402.3427473669217,reconstructed_revenue_customers,EIA_revenue_customers_annual
25,MA,2018,131.198109025206,1574.377308302472,reconstructed_revenue_customers,EIA_revenue_customers_annual
25,MA,2019,125.89092438680194,1510.6910926416233,reconstructed_revenue_customers,EIA_revenue_customers_annual
25,MA,2020,132.1763762286536,1586.1165147438433,reconstructed_revenue_customers,EIA_revenue_customers_annual
25,MA,2021,136.36666900209167,1636.4000280251,reconstructed_revenue_customers,EIA_HS861_2010
25,MA,2022,149.9087961121422,1798.9055533457063,reconstructed_revenue_customers,EIA_HS861_2010
25,MA,2023,165.55442103922235,1986.6530524706682,reconstructed_revenue_customers,EIA_HS861_2010
26,MI,2008,71.58354957629743,859.0025949155691,reconstructed_revenue_customers,EIA_revenue_customers_annual
26,MI,2009,74.6914630872357,896.2975570468284,reconstructed_revenue_customers,EIA_revenue_customers_annual
26,MI,2010,84.81771075030265,1017.812529003632,reconstructed_revenue_customers,EIA_revenue_customers_annual
26,MI,2011,90.62954209985276,1087.5545051982333,reconstructed_revenue_customers,EIA_revenue_customers_annual
26,MI,2012,95.49653932838032,1145.958471940564,reconstructed_revenue_customers,EIA_revenue_customers_annual
26,MI,2013,96.9531428769708,1163.4377145236497,reconstructed_revenue_customers,EIA_revenue_customers_annual
26,MI,2014,94.51503809311184,1134.1804571173425,reconstructed_revenue_customers,EIA_revenue_customers_annual
26,MI,2015,93.60601028565505,1123.2721234278606,reconstructed_revenue_customers,EIA_revenue_customers_annual
26,MI,2016,101.64063331205448,1219.6875997446537,reconstructed_revenue_customers,EIA_revenue_customers_annual
26,MI,2017,97.40707082495362,1168.8848498994437,reconstructed_revenue_customers,EIA_revenue_customers_annual
26,MI,2018,103.59254285104966,1243.110514212596,reconstructed_revenue_customers,EIA_revenue_customers_annual
26,MI,2019,100.22719298345652,1202.7263158014782,reconstructed_revenue_customers,EIA_revenue_customers_annual
26,MI,2020,109.85523840526388,1318.262860863167,reconstructed_revenue_customers,EIA_revenue_customers_annual
26,MI,2021,117.57382582502288,1410.8859099002746,reconstructed_revenue_customers,EIA_HS861_2010
26,MI,2022,116.49027692712419,1397.8833231254903,reconstructed_revenue_customers,EIA_HS861_2010
26,MI,2023,113.61751143532831,1363.4101372239397,reconstructed_revenue_customers,EIA_HS861_2010
27,MN,2008,79.54836845938625,954.580421512635,reconstructed_revenue_customers,EIA_revenue_customers_annual
27,MN,2009,80.47635385687865,965.7162462825438,reconstructed_revenue_customers,EIA_revenue_customers_annual
27,MN,2010,86.18884161467686,1034.2660993761224,reconstructed_revenue_customers,EIA_revenue_customers_annual
27,MN,2011,89.13560638086527,1069.6272765703832,reconstructed_revenue_customers,EIA_revenue_customers_annual
27,MN,2012,90.06358306837392,1080.762996820487,reconstructed_revenue_customers,EIA_revenue_customers_annual
27,MN,2013,96.50969452592727,1158.1163343111273,reconstructed_revenue_customers,EIA_revenue_customers_annual
27,MN,2014,97.25981800562124,1167.117816067455,reconstructed_revenue_customers,EIA_revenue_customers_annual
27,MN,2015,92.31940889570524,1107.832906748463,reconstructed_revenue_customers,EIA_revenue_customers_annual
27,MN,2016,96.78998571056816,1161.479828526818,reconstructed_revenue_customers,EIA_revenue_customers_annual
27,MN,2017,97.57845338597495,1170.9414406316994,reconstructed_revenue_customers,EIA_revenue_customers_annual
27,MN,2018,103.33980629323196,1240.0776755187835,reconstructed_revenue_customers,EIA_revenue_customers_annual
27,MN,2019,99.02197815225884,1188.263737827106,reconstructed_revenue_customers,EIA_revenue_customers_annual
27,MN,2020,102.11422131683511,1225.3706558020217,reconstructed_revenue_customers,EIA_revenue_customers_annual
27,MN,2021,104.7599028363175,1257.1188340358099,reconstructed_revenue_customers,EIA_HS861_2010
27,MN,2022,110.1937688012017,1322.3252256144203,reconstructed_revenue_customers,EIA_HS861_2010
27,MN,2023,110.77936599134495,1329.3523918961394,reconstructed_revenue_customers,EIA_HS861_2010
28,MS,2008,127.95338854400164,1535.44066252802,reconstructed_revenue_customers,EIA_revenue_customers_annual
28,MS,2009,123.99638852693724,1487.956662323247,reconstructed_revenue_customers,EIA_revenue_customers_annual
28,MS,2010,132.758308542955,1593.0997025154602,reconstructed_revenue_customers,EIA_revenue_customers_annual
28,MS,2011,130.90059175694822,1570.8071010833787,reconstructed_revenue_customers,EIA_revenue_customers_annual
28,MS,2012,122.4874481849614,1469.849378219537,reconstructed_revenue_customers,EIA_revenue_customers_annual
28,MS,2013,131.49322067234942,1577.918648068193,reconstructed_revenue_customers,EIA_revenue_customers_annual
28,MS,2014,141.21641923535427,1694.5970308242513,reconstructed_revenue_customers,EIA_revenue_customers_annual
28,MS,2015,137.23905466821265,1646.8686560185515,reconstructed_revenue_customers,EIA_revenue_customers_annual
28,MS,2016,125.91466085204628,1510.9759302245552,reconstructed_revenue_customers,EIA_revenue_customers_annual
28,MS,2017,125.3756097333132,1504.5073167997584,reconstructed_revenue_customers,EIA_revenue_customers_annual
28,MS,2018,138.63485292480215,1663.618235097626,reconstructed_revenue_customers,EIA_revenue_customers_annual
28,MS,2019,135.86735363147338,1630.4082435776804,reconstructed_revenue_customers,EIA_revenue_customers_annual
28,MS,2020,128.0775992133414,1536.9311905600966,reconstructed_revenue_customers,EIA_revenue_customers_annual
28,MS,2021,135.30530972112084,1623.6637166534501,reconstructed_revenue_customers,EIA_HS861_2010
28,MS,2022,147.2476095609537,1766.9713147314442,reconstructed_revenue_customers,EIA_HS861_2010
28,MS,2023,153.06793791255453,1836.8152549506544,reconstructed_revenue_customers,EIA_HS861_2010
29,MO,2008,87.82529126311158,1053.903495157339,reconstructed_revenue_customers,EIA_revenue_customers_annual
29,MO,2009,90.66094541319973,1087.9313449583965,reconstructed_revenue_customers,EIA_revenue_customers_annual
29,MO,2010,104.6557205400432,1255.8686464805185,reconstructed_revenue_customers,EIA_revenue_customers_annual
29,MO,2011,108.38505811356568,1300.6206973627882,reconstructed_revenue_customers,EIA_revenue_customers_annual
29,MO,2012,107.80090569596094,1293.6108683515313,reconstructed_revenue_customers,EIA_revenue_customers_annual
29,MO,2013,115.20528001051336,1382.4633601261603,reconstructed_revenue_customers,EIA_revenue_customers_annual
29,MO,2014,116.46573373888177,1397.588804866581,reconstructed_revenue_customers,EIA_revenue_customers_annual
29,MO,2015,115.80082741128076,1389.609928935369,reconstructed_revenue_customers,EIA_revenue_customers_annual
29,MO,2016,116.6273542046768,1399.5282504561214,reconstructed_revenue_customers,EIA_revenue_customers_annual
29,MO,2017,115.595975590642,1387.1517070877042,reconstructed_revenue_customers,EIA_revenue_customers_annual
29,MO,2018,126.789029549464,1521.468354593568,reconstructed_revenue_customers,EIA_revenue_customers_annual
29,MO,2019,117.82230025668628,1413.8676030802353,reconstructed_revenue_customers,EIA_revenue_customers_annual
29,MO,2020,115.34566867025325,1384.1480240430387,reconstructed_revenue_customers,EIA_revenue_customers_annual
29,MO,2021,118.55463306327111,1422.6555967592533,reconstructed_revenue_customers,EIA_HS861_2010
29,MO,2022,126.46035626916249,1517.5242752299498,reconstructed_revenue_customers,EIA_HS861_2010
29,MO,2023,126.09498293099664,1513.1397951719596,reconstructed_revenue_customers,EIA_HS861_2010
30,MT,2008,76.94576834199884,923.349220103986,reconstructed_revenue_customers,EIA_revenue_customers_annual
30,MT,2009,76.53666838281562,918.4400205937876,reconstructed_revenue_customers,EIA_revenue_customers_annual
30,MT,2010,77.3741587906819,928.4899054881828,reconstructed_revenue_customers,EIA_revenue_customers_annual
30,MT,2011,84.96519938803694,1019.5823926564432,reconstructed_revenue_customers,EIA_revenue_customers_annual
30,MT,2012,84.88026557696115,1018.5631869235336,reconstructed_revenue_customers,EIA_revenue_customers_annual
30,MT,2013,88.85209366125669,1066.2251239350803,reconstructed_revenue_customers,EIA_revenue_customers_annual
30,MT,2014,86.92770301892006,1043.132436227041,reconstructed_revenue_customers,EIA_revenue_customers_annual
30,MT,2015,89.02803157639124,1068.336378916695,reconstructed_revenue_customers,EIA_revenue_customers_annual
30,MT,2016,88.94693967858076,1067.3632761429692,reconstructed_revenue_customers,EIA_revenue_customers_annual
30,MT,2017,94.75333109483232,1137.0399731379878,reconstructed_revenue_customers,EIA_revenue_customers_annual
30,MT,2018,93.18595452767214,1118.2314543320656,reconstructed_revenue_customers,EIA_revenue_customers_annual
30,MT,2019,95.42691434196554,1145.1229721035866,reconstructed_revenue_customers,EIA_revenue_customers_annual
30,MT,2020,96.48813831002344,1157.8576597202814,reconstructed_revenue_customers,EIA_revenue_customers_annual
30,MT,2021,97.84301659647446,1174.1161991576935,reconstructed_revenue_customers,EIA_HS861_2010
30,MT,2022,102.93946314806425,1235.273557776771,reconstructed_revenue_customers,EIA_HS861_2010
30,MT,2023,109.49531601996426,1313.9437922395712,reconstructed_revenue_customers,EIA_HS861_2010
31,NE,2008,80.4622641509434,965.5471698113208,reconstructed_revenue_customers,EIA_revenue_customers_annual
31,NE,2009,85.48736925609528,1025.8484310731433,reconstructed_revenue_customers,EIA_revenue_customers_annual
31,NE,2010,93.97410563711692,1127.689267645403,reconstructed_revenue_customers,EIA_revenue_customers_annual
31,NE,2011,95.91818496632,1151.01821959584,reconstructed_revenue_customers,EIA_revenue_customers_annual
31,NE,2012,100.4635323933324,1205.5623887199886,reconstructed_revenue_customers,EIA_revenue_customers_annual
31,NE,2013,106.65394777030842,1279.847373243701,reconstructed_revenue_customers,EIA_revenue_customers_annual
31,NE,2014,106.33218134181526,1275.986176101783,reconstructed_revenue_customers,EIA_revenue_customers_annual
31,NE,2015,101.95726485378276,1223.4871782453931,reconstructed_revenue_customers,EIA_revenue_customers_annual
31,NE,2016,105.4702143867146,1265.642572640575,reconstructed_revenue_customers,EIA_revenue_customers_annual
31,NE,2017,104.95646097719818,1259.4775317263782,reconstructed_revenue_customers,EIA_revenue_customers_annual
31,NE,2018,109.2721322637148,1311.2655871645777,reconstructed_revenue_customers,EIA_revenue_customers_annual
31,NE,2019,108.075264808285,1296.90317769942,reconstructed_revenue_customers,EIA_revenue_customers_annual
31,NE,2020,109.3909831699509,1312.6917980394107,reconstructed_revenue_customers,EIA_revenue_customers_annual
31,NE,2021,108.08842806810969,1297.0611368173163,reconstructed_revenue_customers,EIA_HS861_2010
31,NE,2022,112.57086883184313,1350.8504259821175,reconstructed_revenue_customers,EIA_HS861_2010
31,NE,2023,111.52224646922467,1338.266957630696,reconstructed_revenue_customers,EIA_HS861_2010
32,NV,2008,113.67579066601814,1364.1094879922175,reconstructed_revenue_customers,EIA_revenue_customers_annual
32,NV,2009,120.65653200016052,1447.8783840019262,reconstructed_revenue_customers,EIA_revenue_customers_annual
32,NV,2010,113.02733662157536,1356.3280394589044,reconstructed_revenue_customers,EIA_revenue_customers_annual
32,NV,2011,104.09948149590863,1249.1937779509035,reconstructed_revenue_customers,EIA_revenue_customers_annual
32,NV,2012,110.57549489488544,1326.9059387386253,reconstructed_revenue_customers,EIA_revenue_customers_annual
32,NV,2013,109.94052023103788,1319.2862427724544,reconstructed_revenue_customers,EIA_revenue_customers_annual
32,NV,2014,115.64403643289046,1387.7284371946855,reconstructed_revenue_customers,EIA_revenue_customers_annual
32,NV,2015,116.47391273463444,1397.6869528156133,reconstructed_revenue_customers,EIA_revenue_customers_annual
32,NV,2016,105.4808057473606,1265.769668968327,reconstructed_revenue_customers,EIA_revenue_customers_annual
32,NV,2017,102.2944061216535,1227.532873459842,reconstructed_revenue_customers,EIA_revenue_customers_annual
32,NV,2018,112.17748339894904,1346.1298007873884,reconstructed_revenue_customers,EIA_revenue_customers_annual
32,NV,2019,106.8290544809554,1281.9486537714647,reconstructed_revenue_customers,EIA_revenue_customers_annual
32,NV,2020,110.36197807537468,1324.343736904496,reconstructed_revenue_customers,EIA_revenue_customers_annual
32,NV,2021,110.17318823875934,1322.078258865112,reconstructed_revenue_customers,EIA_HS861_2010
32,NV,2022,129.35048609552902,1552.2058331463481,reconstructed_revenue_customers,EIA_HS861_2010
32,NV,2023,145.62453078442238,1747.4943694130684,reconstructed_revenue_customers,EIA_HS861_2010
33,NH,2008,96.65533452264746,1159.8640142717695,reconstructed_revenue_customers,EIA_revenue_customers_annual
33,NH,2009,102.1583271308388,1225.8999255700655,reconstructed_revenue_customers,EIA_revenue_customers_annual
33,NH,2010,102.11256014145482,1225.350721697458,reconstructed_revenue_customers,EIA_revenue_customers_annual
33,NH,2011,102.27866624856276,1227.3439949827532,reconstructed_revenue_customers,EIA_revenue_customers_annual
33,NH,2012,98.80222105145944,1185.6266526175134,reconstructed_revenue_customers,EIA_revenue_customers_annual
33,NH,2013,102.65525014302408,1231.8630017162889,reconstructed_revenue_customers,EIA_revenue_customers_annual
33,NH,2014,108.56787881683948,1302.8145458020738,reconstructed_revenue_customers,EIA_revenue_customers_annual
33,NH,2015,114.89674302223176,1378.760916266781,reconstructed_revenue_customers,EIA_revenue_customers_annual
33,NH,2016,110.95175687703058,1331.421082524367,reconstructed_revenue_customers,EIA_revenue_customers_annual
33,NH,2017,114.952794183286,1379.433530199432,reconstructed_revenue_customers,EIA_revenue_customers_annual
33,NH,2018,122.27069618894514,1467.2483542673417,reconstructed_revenue_customers,EIA_revenue_customers_annual
33,NH,2019,120.04303392920816,1440.516407150498,reconstructed_revenue_customers,EIA_revenue_customers_annual
33,NH,2020,120.01448121863324,1440.1737746235988,reconstructed_revenue_customers,EIA_revenue_customers_annual
33,NH,2021,125.24147417930114,1502.8976901516137,reconstructed_revenue_customers,EIA_HS861_2010
33,NH,2022,158.6745116949513,1904.0941403394154,reconstructed_revenue_customers,EIA_HS861_2010
33,NH,2023,168.78565456015158,2025.4278547218191,reconstructed_revenue_customers,EIA_HS861_2010
34,NJ,2008,111.44187284164164,1337.3024740996996,reconstructed_revenue_customers,EIA_revenue_customers_annual
34,NJ,2009,110.29026347409297,1323.4831616891156,reconstructed_revenue_customers,EIA_revenue_customers_annual
34,NJ,2010,121.13433617765224,1453.6120341318267,reconstructed_revenue_customers,EIA_revenue_customers_annual
34,NJ,2011,115.03361220982504,1380.4033465179004,reconstructed_revenue_customers,EIA_revenue_customers_annual
34,NJ,2012,109.1021373336783,1309.2256480041397,reconstructed_revenue_customers,EIA_revenue_customers_annual
34,NJ,2013,108.09858920941237,1297.1830705129482,reconstructed_revenue_customers,EIA_revenue_customers_annual
34,NJ,2014,105.64649326557708,1267.7579191869252,reconstructed_revenue_customers,EIA_revenue_customers_annual
34,NJ,2015,110.0392525966261,1320.4710311595131,reconstructed_revenue_customers,EIA_revenue_customers_annual
34,NJ,2016,108.58476435372064,1303.0171722446478,reconstructed_revenue_customers,EIA_revenue_customers_annual
34,NJ,2017,102.37526207170052,1228.5031448604063,reconstructed_revenue_customers,EIA_revenue_customers_annual
34,NJ,2018,106.27744033799284,1275.329284055914,reconstructed_revenue_customers,EIA_revenue_customers_annual
34,NJ,2019,105.06862887380032,1260.8235464856036,reconstructed_revenue_customers,EIA_revenue_customers_annual
34,NJ,2020,109.5444621524,1314.5335458288,reconstructed_revenue_customers,EIA_revenue_customers_annual
34,NJ,2021,112.38686359831995,1348.6423631798393,reconstructed_revenue_customers,EIA_HS861_2010
34,NJ,2022,114.07660056624339,1368.9192067949207,reconstructed_revenue_customers,EIA_HS861_2010
34,NJ,2023,113.20920570904975,1358.5104685085971,reconstructed_revenue_customers,EIA_HS861_2010
35,NM,2008,63.24334100768109,758.920092092173,reconstructed_revenue_customers,EIA_revenue_customers_annual
35,NM,2009,64.29932592781095,771.5919111337314,reconstructed_revenue_customers,EIA_revenue_customers_annual
35,NM,2010,69.35063302456086,832.2075962947304,reconstructed_revenue_customers,EIA_revenue_customers_annual
35,NM,2011,73.57330523784606,882.8796628541527,reconstructed_revenue_customers,EIA_revenue_customers_annual
35,NM,2012,74.61509486807381,895.3811384168857,reconstructed_revenue_customers,EIA_revenue_customers_annual
35,NM,2013,76.56424274296546,918.7709129155857,reconstructed_revenue_customers,EIA_revenue_customers_annual
35,NM,2014,77.79221152464434,933.506538295732,reconstructed_revenue_customers,EIA_revenue_customers_annual
35,NM,2015,79.23118193775231,950.7741832530278,reconstructed_revenue_customers,EIA_revenue_customers_annual
35,NM,2016,75.9604723040426,911.5256676485112,reconstructed_revenue_customers,EIA_revenue_customers_annual
35,NM,2017,79.16178038228246,949.9413645873894,reconstructed_revenue_customers,EIA_revenue_customers_annual
35,NM,2018,81.07768691260573,972.9322429512688,reconstructed_revenue_customers,EIA_revenue_customers_annual
35,NM,2019,80.03551241631158,960.4261489957388,reconstructed_revenue_customers,EIA_revenue_customers_annual
35,NM,2020,86.65770673613832,1039.89248083366,reconstructed_revenue_customers,EIA_revenue_customers_annual
35,NM,2021,87.30556208617871,1047.6667450341445,reconstructed_revenue_customers,EIA_HS861_2010
35,NM,2022,91.21088456053155,1094.5306147263786,reconstructed_revenue_customers,EIA_HS861_2010
35,NM,2023,91.19509898558094,1094.3411878269712,reconstructed_revenue_customers,EIA_HS861_2010
36,NY,2008,108.47760801045428,1301.7312961254513,reconstructed_revenue_customers,EIA_revenue_customers_annual
36,NY,2009,101.7254536419384,1220.7054437032607,reconstructed_revenue_customers,EIA_revenue_customers_annual
36,NY,2010,114.40210061487444,1372.8252073784931,reconstructed_revenue_customers,EIA_revenue_customers_annual
36,NY,2011,111.58963125938772,1339.0755751126526,reconstructed_revenue_customers,EIA_revenue_customers_annual
36,NY,2012,106.14325306601016,1273.719036792122,reconstructed_revenue_customers,EIA_revenue_customers_annual
36,NY,2013,113.16272962518066,1357.952755502168,reconstructed_revenue_customers,EIA_revenue_customers_annual
36,NY,2014,118.62683201195884,1423.5219841435062,reconstructed_revenue_customers,EIA_revenue_customers_annual
36,NY,2015,111.31584532132652,1335.7901438559184,reconstructed_revenue_customers,EIA_revenue_customers_annual
36,NY,2016,104.57633605711516,1254.916032685382,reconstructed_revenue_customers,EIA_revenue_customers_annual
36,NY,2017,103.2175538190938,1238.6106458291256,reconstructed_revenue_customers,EIA_revenue_customers_annual
36,NY,2018,111.93098152954116,1343.171778354494,reconstructed_revenue_customers,EIA_revenue_customers_annual
36,NY,2019,103.60448857929993,1243.253862951599,reconstructed_revenue_customers,EIA_revenue_customers_annual
36,NY,2020,110.4732495280531,1325.6789943366373,reconstructed_revenue_customers,EIA_revenue_customers_annual
36,NY,2021,116.70178829762233,1400.421459571468,reconstructed_revenue_customers,EIA_HS861_2010
36,NY,2022,130.81134338728023,1569.736120647363,reconstructed_revenue_customers,EIA_HS861_2010
36,NY,2023,125.80141443282663,1509.6169731939196,reconstructed_revenue_customers,EIA_HS861_2010
37,NC,2008,106.61197909195016,1279.3437491034017,reconstructed_revenue_customers,EIA_revenue_customers_annual
37,NC,2009,112.29612531228332,1347.5535037473996,reconstructed_revenue_customers,EIA_revenue_customers_annual
37,NC,2010,125.20274166137068,1502.432899936448,reconstructed_revenue_customers,EIA_revenue_customers_annual
37,NC,2011,118.09375588523726,1417.125070622847,reconstructed_revenue_customers,EIA_revenue_customers_annual
37,NC,2012,117.4525463915024,1409.4305566980288,reconstructed_revenue_customers,EIA_revenue_customers_annual
37,NC,2013,120.5181881024116,1446.2182572289391,reconstructed_revenue_customers,EIA_revenue_customers_annual
37,NC,2014,126.08766727175892,1513.052007261107,reconstructed_revenue_customers,EIA_revenue_customers_annual
37,NC,2015,125.51498474953372,1506.1798169944043,reconstructed_revenue_customers,EIA_revenue_customers_annual
37,NC,2016,121.43603045409566,1457.232365449148,reconstructed_revenue_customers,EIA_revenue_customers_annual
37,NC,2017,113.97709927802914,1367.7251913363498,reconstructed_revenue_customers,EIA_revenue_customers_annual
37,NC,2018,125.16674285011054,1502.0009142013264,reconstructed_revenue_customers,EIA_revenue_customers_annual
37,NC,2019,123.24586974072912,1478.9504368887497,reconstructed_revenue_customers,EIA_revenue_customers_annual
37,NC,2020,118.43774511390892,1421.2529413669072,reconstructed_revenue_customers,EIA_revenue_customers_annual
37,NC,2021,120.37747588345418,1444.5297106014502,reconstructed_revenue_customers,EIA_HS861_2010
37,NC,2022,124.4848449650559,1493.8181395806707,reconstructed_revenue_customers,EIA_HS861_2010
37,NC,2023,127.79368243466132,1533.5241892159358,reconstructed_revenue_customers,EIA_HS861_2010
38,ND,2008,83.67528338980215,1004.1034006776258,reconstructed_revenue_customers,EIA_revenue_customers_annual
38,ND,2009,87.16836296953271,1046.0203556343924,reconstructed_revenue_customers,EIA_revenue_customers_annual
38,ND,2010,91.1565959680442,1093.8791516165302,reconstructed_revenue_customers,EIA_revenue_customers_annual
38,ND,2011,98.45960649617926,1181.515277954151,reconstructed_revenue_customers,EIA_revenue_customers_annual
38,ND,2012,98.85009151975338,1186.2010982370405,reconstructed_revenue_customers,EIA_revenue_customers_annual
38,ND,2013,109.84659355038652,1318.1591226046382,reconstructed_revenue_customers,EIA_revenue_customers_annual
38,ND,2014,113.388501572864,1360.662018874368,reconstructed_revenue_customers,EIA_revenue_customers_annual
38,ND,2015,104.95597589239328,1259.4717107087197,reconstructed_revenue_customers,EIA_revenue_customers_annual
38,ND,2016,106.2786297769977,1275.3435573239724,reconstructed_revenue_customers,EIA_revenue_customers_annual
38,ND,2017,109.3792614769934,1312.5511377239206,reconstructed_revenue_customers,EIA_revenue_customers_annual
38,ND,2018,114.5997780077854,1375.1973360934248,reconstructed_revenue_customers,EIA_revenue_customers_annual
38,ND,2019,114.26794238490749,1371.2153086188896,reconstructed_revenue_customers,EIA_revenue_customers_annual
38,ND,2020,113.26125702999867,1359.135084359984,reconstructed_revenue_customers,EIA_revenue_customers_annual
38,ND,2021,112.92631300999983,1355.115756119998,reconstructed_revenue_customers,EIA_HS861_2010
38,ND,2022,122.20488190180141,1466.458582821617,reconstructed_revenue_customers,EIA_HS861_2010
38,ND,2023,117.69075430841701,1412.2890517010042,reconstructed_revenue_customers,EIA_HS861_2010
39,OH,2008,91.50243058699932,1098.0291670439915,reconstructed_revenue_customers,EIA_revenue_customers_annual
39,OH,2009,93.64759832524418,1123.77117990293,reconstructed_revenue_customers,EIA_revenue_customers_annual
39,OH,2010,105.28468111708511,1263.4161734050217,reconstructed_revenue_customers,EIA_revenue_customers_annual
39,OH,2011,104.85601341845144,1258.272161021417,reconstructed_revenue_customers,EIA_revenue_customers_annual
39,OH,2012,105.22530080439267,1262.7036096527122,reconstructed_revenue_customers,EIA_revenue_customers_annual
39,OH,2013,107.0744859270843,1284.8938311250115,reconstructed_revenue_customers,EIA_revenue_customers_annual
39,OH,2014,112.6240289729742,1351.4883476756902,reconstructed_revenue_customers,EIA_revenue_customers_annual
39,OH,2015,112.24678358127,1346.9614029752402,reconstructed_revenue_customers,EIA_revenue_customers_annual
39,OH,2016,111.15242489696664,1333.8290987635996,reconstructed_revenue_customers,EIA_revenue_customers_annual
39,OH,2017,106.132548940326,1273.590587283912,reconstructed_revenue_customers,EIA_revenue_customers_annual
39,OH,2018,114.8040073677882,1377.6480884134585,reconstructed_revenue_customers,EIA_revenue_customers_annual
39,OH,2019,108.15335861240936,1297.840303348912,reconstructed_revenue_customers,EIA_revenue_customers_annual
39,OH,2020,107.29843454353266,1287.581214522392,reconstructed_revenue_customers,EIA_revenue_customers_annual
39,OH,2021,112.21318044400158,1346.558165328019,reconstructed_revenue_customers,EIA_HS861_2010
39,OH,2022,121.0719781321763,1452.8637375861156,reconstructed_revenue_customers,EIA_HS861_2010
39,OH,2023,124.68369356949141,1496.2043228338969,reconstructed_revenue_customers,EIA_HS861_2010
40,OK,2008,101.3944971167161,1216.7339654005932,reconstructed_revenue_customers,EIA_revenue_customers_annual
40,OK,2009,93.12973051022688,1117.5567661227226,reconstructed_revenue_customers,EIA_revenue_customers_annual
40,OK,2010,108.60828039732964,1303.2993647679557,reconstructed_revenue_customers,EIA_revenue_customers_annual
40,OK,2011,115.61290841117234,1387.3549009340682,reconstructed_revenue_customers,EIA_revenue_customers_annual
40,OK,2012,107.59925587865392,1291.191070543847,reconstructed_revenue_customers,EIA_revenue_customers_annual
40,OK,2013,110.4659793091894,1325.5917517102728,reconstructed_revenue_customers,EIA_revenue_customers_annual
40,OK,2014,114.1674832627046,1370.0097991524551,reconstructed_revenue_customers,EIA_revenue_customers_annual
40,OK,2015,110.8698031290375,1330.43763754845,reconstructed_revenue_customers,EIA_revenue_customers_annual
40,OK,2016,111.48643007705466,1337.837160924656,reconstructed_revenue_customers,EIA_revenue_customers_annual
40,OK,2017,110.26737154542212,1323.2084585450657,reconstructed_revenue_customers,EIA_revenue_customers_annual
40,OK,2018,117.28324589136042,1407.398950696325,reconstructed_revenue_customers,EIA_revenue_customers_annual
40,OK,2019,113.93405155953296,1367.2086187143957,reconstructed_revenue_customers,EIA_revenue_customers_annual
40,OK,2020,109.06679497824996,1308.8015397389995,reconstructed_revenue_customers,EIA_revenue_customers_annual
40,OK,2021,119.69454803764874,1436.3345764517849,reconstructed_revenue_customers,EIA_HS861_2010
40,OK,2022,143.64681565033587,1723.7617878040305,reconstructed_revenue_customers,EIA_HS861_2010
40,OK,2023,129.10178009219499,1549.2213611063398,reconstructed_revenue_customers,EIA_HS861_2010
41,OR,2008,87.15978451868266,1045.9174142241918,reconstructed_revenue_customers,EIA_revenue_customers_annual
41,OR,2009,88.2257250474522,1058.7087005694264,reconstructed_revenue_customers,EIA_revenue_customers_annual
41,OR,2010,85.51509158156729,1026.1810989788075,reconstructed_revenue_customers,EIA_revenue_customers_annual
41,OR,2011,94.50796659139098,1134.0955990966918,reconstructed_revenue_customers,EIA_revenue_customers_annual
41,OR,2012,93.79670377396936,1125.5604452876323,reconstructed_revenue_customers,EIA_revenue_customers_annual
41,OR,2013,96.576080448929,1158.912965387148,reconstructed_revenue_customers,EIA_revenue_customers_annual
41,OR,2014,97.29315097819774,1167.517811738373,reconstructed_revenue_customers,EIA_revenue_customers_annual
41,OR,2015,96.24314279679244,1154.9177135615091,reconstructed_revenue_customers,EIA_revenue_customers_annual
41,OR,2016,96.712247937739,1160.546975252868,reconstructed_revenue_customers,EIA_revenue_customers_annual
41,OR,2017,103.2565050721833,1239.0780608661996,reconstructed_revenue_customers,EIA_revenue_customers_annual
41,OR,2018,98.9972803729774,1187.967364475729,reconstructed_revenue_customers,EIA_revenue_customers_annual
41,OR,2019,100.34690586464814,1204.1628703757776,reconstructed_revenue_customers,EIA_revenue_customers_annual
41,OR,2020,102.32054865067794,1227.8465838081352,reconstructed_revenue_customers,EIA_revenue_customers_annual
41,OR,2021,106.48610166562919,1277.8332199875504,reconstructed_revenue_customers,EIA_HS861_2010
41,OR,2022,108.03008583175546,1296.3610299810655,reconstructed_revenue_customers,EIA_HS861_2010
41,OR,2023,117.65842248007566,1411.9010697609078,reconstructed_revenue_customers,EIA_HS861_2010
42,PA,2008,97.753370353833,1173.040444245996,reconstructed_revenue_customers,EIA_revenue_customers_annual
42,PA,2009,98.08722377502652,1177.046685300318,reconstructed_revenue_customers,EIA_revenue_customers_annual
42,PA,2010,111.50602300895058,1338.0722761074069,reconstructed_revenue_customers,EIA_revenue_customers_annual
42,PA,2011,115.32816541700645,1383.9379850040773,reconstructed_revenue_customers,EIA_revenue_customers_annual
42,PA,2012,106.77847698161376,1281.341723779365,reconstructed_revenue_customers,EIA_revenue_customers_annual
42,PA,2013,109.65551186640056,1315.866142396807,reconstructed_revenue_customers,EIA_revenue_customers_annual
42,PA,2014,113.71940288762666,1364.63283465152,reconstructed_revenue_customers,EIA_revenue_customers_annual
42,PA,2015,116.62196062210654,1399.4635274652785,reconstructed_revenue_customers,EIA_revenue_customers_annual
42,PA,2016,116.67014959081108,1400.041795089733,reconstructed_revenue_customers,EIA_revenue_customers_annual
42,PA,2017,114.48346022443324,1373.8015226931989,reconstructed_revenue_customers,EIA_revenue_customers_annual
42,PA,2018,120.04102457170376,1440.492294860445,reconstructed_revenue_customers,EIA_revenue_customers_annual
42,PA,2019,115.470245641619,1385.642947699428,reconstructed_revenue_customers,EIA_revenue_customers_annual
42,PA,2020,114.90211557808406,1378.8253869370087,reconstructed_revenue_customers,EIA_revenue_customers_annual
42,PA,2021,117.1124282889936,1405.3491394679231,reconstructed_revenue_customers,EIA_HS861_2010
42,PA,2022,136.17323650038833,1634.07883800466,reconstructed_revenue_customers,EIA_HS861_2010
42,PA,2023,143.0981448376711,1717.1777380520532,reconstructed_revenue_customers,EIA_HS861_2010
44,RI,2008,102.87719999752026,1234.5263999702431,reconstructed_revenue_customers,EIA_revenue_customers_annual
44,RI,2009,88.3622385455286,1060.3468625463431,reconstructed_revenue_customers,EIA_revenue_customers_annual
44,RI,2010,96.0780466130854,1152.9365593570246,reconstructed_revenue_customers,EIA_revenue_customers_annual
44,RI,2011,86.4359549522466,1037.2314594269592,reconstructed_revenue_customers,EIA_revenue_customers_annual
44,RI,2012,86.04242067939225,1032.509048152707,reconstructed_revenue_customers,EIA_revenue_customers_annual
44,RI,2013,91.47577122670572,1097.7092547204688,reconstructed_revenue_customers,EIA_revenue_customers_annual
44,RI,2014,100.08757159338528,1201.0508591206233,reconstructed_revenue_customers,EIA_revenue_customers_annual
44,RI,2015,114.50048577397844,1374.005829287741,reconstructed_revenue_customers,EIA_revenue_customers_annual
44,RI,2016,109.01802403762464,1308.2162884514958,reconstructed_revenue_customers,EIA_revenue_customers_annual
44,RI,2017,105.75793901349122,1269.0952681618946,reconstructed_revenue_customers,EIA_revenue_customers_annual
44,RI,2018,121.04708468607066,1452.565016232848,reconstructed_revenue_customers,EIA_revenue_customers_annual
44,RI,2019,121.61726127229396,1459.4071352675276,reconstructed_revenue_customers,EIA_revenue_customers_annual
44,RI,2020,130.7522576486032,1569.0270917832386,reconstructed_revenue_customers,EIA_revenue_customers_annual
44,RI,2021,130.39597896875188,1564.7517476250225,reconstructed_revenue_customers,EIA_HS861_2010
44,RI,2022,136.7394120867025,1640.8729450404298,reconstructed_revenue_customers,EIA_HS861_2010
44,RI,2023,149.7797226356279,1797.356671627535,reconstructed_revenue_customers,EIA_HS861_2010
45,SC,2008,118.39709793783037,1420.7651752539643,reconstructed_revenue_customers,EIA_revenue_customers_annual
45,SC,2009,123.47019245168548,1481.642309420226,reconstructed_revenue_customers,EIA_revenue_customers_annual
45,SC,2010,137.58877366699502,1651.0652840039402,reconstructed_revenue_customers,EIA_revenue_customers_annual
45,SC,2011,135.01428683588816,1620.171442030658,reconstructed_revenue_customers,EIA_revenue_customers_annual
45,SC,2012,131.6402636703099,1579.683164043719,reconstructed_revenue_customers,EIA_revenue_customers_annual
45,SC,2013,134.85639751894072,1618.2767702272886,reconstructed_revenue_customers,EIA_revenue_customers_annual
45,SC,2014,147.74094679671217,1772.891361560546,reconstructed_revenue_customers,EIA_revenue_customers_annual
45,SC,2015,144.04206685224452,1728.5048022269343,reconstructed_revenue_customers,EIA_revenue_customers_annual
45,SC,2016,146.0858750987465,1753.030501184958,reconstructed_revenue_customers,EIA_revenue_customers_annual
45,SC,2017,140.80105864472512,1689.6127037367014,reconstructed_revenue_customers,EIA_revenue_customers_annual
45,SC,2018,144.1963220097226,1730.355864116671,reconstructed_revenue_customers,EIA_revenue_customers_annual
45,SC,2019,144.72556344043488,1736.7067612852186,reconstructed_revenue_customers,EIA_revenue_customers_annual
45,SC,2020,138.15929889806003,1657.9115867767205,reconstructed_revenue_customers,EIA_revenue_customers_annual
45,SC,2021,138.64675652521137,1663.7610783025366,reconstructed_revenue_customers,EIA_HS861_2010
45,SC,2022,147.87327275460626,1774.4792730552751,reconstructed_revenue_customers,EIA_HS861_2010
45,SC,2023,139.91257364838535,1678.9508837806243,reconstructed_revenue_customers,EIA_HS861_2010
46,SD,2008,83.56028282950545,1002.7233939540654,reconstructed_revenue_customers,EIA_revenue_customers_annual
46,SD,2009,86.87675764194121,1042.5210917032946,reconstructed_revenue_customers,EIA_revenue_customers_annual
46,SD,2010,93.40171521402397,1120.8205825682874,reconstructed_revenue_customers,EIA_revenue_customers_annual
46,SD,2011,96.7809811361086,1161.371773633303,reconstructed_revenue_customers,EIA_revenue_customers_annual
46,SD,2012,98.68284944348044,1184.1941933217654,reconstructed_revenue_customers,EIA_revenue_customers_annual
46,SD,2013,108.21299583728045,1298.5559500473653,reconstructed_revenue_customers,EIA_revenue_customers_annual
46,SD,2014,109.453392558092,1313.440710697104,reconstructed_revenue_customers,EIA_revenue_customers_annual
46,SD,2015,108.68432661987327,1304.2119194384793,reconstructed_revenue_customers,EIA_revenue_customers_annual
46,SD,2016,112.52752725953012,1350.3303271143614,reconstructed_revenue_customers,EIA_revenue_customers_annual
46,SD,2017,115.0621337287298,1380.7456047447574,reconstructed_revenue_customers,EIA_revenue_customers_annual
46,SD,2018,121.15540005831146,1453.8648006997375,reconstructed_revenue_customers,EIA_revenue_customers_annual
46,SD,2019,120.60139487149002,1447.2167384578802,reconstructed_revenue_customers,EIA_revenue_customers_annual
46,SD,2020,121.771419176899,1461.257030122788,reconstructed_revenue_customers,EIA_revenue_customers_annual
46,SD,2021,124.50150286234492,1494.018034348139,reconstructed_revenue_customers,EIA_HS861_2010
46,SD,2022,127.917753645652,1535.013043747824,reconstructed_revenue_customers,EIA_HS861_2010
46,SD,2023,126.30934853756202,1515.7121824507442,reconstructed_revenue_customers,EIA_HS861_2010
47,TN,2008,116.02431024263694,1392.291722911643,reconstructed_revenue_customers,EIA_revenue_customers_annual
47,TN,2009,116.17460229663862,1394.0952275596635,reconstructed_revenue_customers,EIA_revenue_customers_annual
47,TN,2010,128.58353913543638,1543.0024696252367,reconstructed_revenue_customers,EIA_revenue_customers_annual
47,TN,2011,132.25746734595884,1587.089608151506,reconstructed_revenue_customers,EIA_revenue_customers_annual
47,TN,2012,122.97708879145276,1475.7250654974332,reconstructed_revenue_customers,EIA_revenue_customers_annual
47,TN,2013,124.24739591226052,1490.9687509471264,reconstructed_revenue_customers,EIA_revenue_customers_annual
47,TN,2014,132.7569619659341,1593.083543591209,reconstructed_revenue_customers,EIA_revenue_customers_annual
47,TN,2015,128.51211389294318,1542.1453667153182,reconstructed_revenue_customers,EIA_revenue_customers_annual
47,TN,2016,128.88602763515956,1546.6323316219148,reconstructed_revenue_customers,EIA_revenue_customers_annual
47,TN,2017,123.30160944145724,1479.6193132974868,reconstructed_revenue_customers,EIA_revenue_customers_annual
47,TN,2018,137.34738655766878,1648.1686386920255,reconstructed_revenue_customers,EIA_revenue_customers_annual
47,TN,2019,132.3326012367652,1587.991214841183,reconstructed_revenue_customers,EIA_revenue_customers_annual
47,TN,2020,125.69760992674014,1508.3713191208817,reconstructed_revenue_customers,EIA_revenue_customers_annual
47,TN,2021,130.98466219502788,1571.8159463403344,reconstructed_revenue_customers,EIA_HS861_2010
47,TN,2022,145.48758372185463,1745.8510046622555,reconstructed_revenue_customers,EIA_HS861_2010
47,TN,2023,135.22484816531252,1622.6981779837502,reconstructed_revenue_customers,EIA_HS861_2010
48,TX,2008,147.19523744699754,1766.3428493639703,reconstructed_revenue_customers,EIA_revenue_customers_annual
48,TX,2009,141.12194576518056,1693.463349182167,reconstructed_revenue_customers,EIA_revenue_customers_annual
48,TX,2010,138.98716631549985,1667.8459957859982,reconstructed_revenue_customers,EIA_revenue_customers_annual
48,TX,2011,139.8085440276814,1677.7025283321768,reconstructed_revenue_customers,EIA_revenue_customers_annual
48,TX,2012,128.26923658953703,1539.2308390744442,reconstructed_revenue_customers,EIA_revenue_customers_annual
48,TX,2013,133.32706468750249,1599.92477625003,reconstructed_revenue_customers,EIA_revenue_customers_annual
48,TX,2014,137.39047846930535,1648.6857416316643,reconstructed_revenue_customers,EIA_revenue_customers_annual
48,TX,2015,135.99554345416482,1631.9465214499778,reconstructed_revenue_customers,EIA_revenue_customers_annual
48,TX,2016,127.10454102676886,1525.2544923212265,reconstructed_revenue_customers,EIA_revenue_customers_annual
48,TX,2017,122.4723377430988,1469.6680529171856,reconstructed_revenue_customers,EIA_revenue_customers_annual
48,TX,2018,131.62595430437378,1579.5114516524854,reconstructed_revenue_customers,EIA_revenue_customers_annual
48,TX,2019,134.0691753003387,1608.8301036040646,reconstructed_revenue_customers,EIA_revenue_customers_annual
48,TX,2020,132.59141094747324,1591.0969313696787,reconstructed_revenue_customers,EIA_revenue_customers_annual
48,TX,2021,132.40161663373325,1588.819399604799,reconstructed_revenue_customers,EIA_HS861_2010
48,TX,2022,162.16526389562082,1945.98316674745,reconstructed_revenue_customers,EIA_HS861_2010
48,TX,2023,165.81560252442247,1989.7872302930696,reconstructed_revenue_customers,EIA_HS861_2010
49,UT,2008,65.35535693561094,784.2642832273314,reconstructed_revenue_customers,EIA_revenue_customers_annual
49,UT,2009,66.15667899835769,793.8801479802923,reconstructed_revenue_customers,EIA_revenue_customers_annual
49,UT,2010,68.4339950872053,821.2079410464637,reconstructed_revenue_customers,EIA_revenue_customers_annual
49,UT,2011,70.6104168339553,847.3250020074636,reconstructed_revenue_customers,EIA_revenue_customers_annual
49,UT,2012,78.69828365230839,944.3794038277008,reconstructed_revenue_customers,EIA_revenue_customers_annual
49,UT,2013,82.79215595149039,993.5058714178848,reconstructed_revenue_customers,EIA_revenue_customers_annual
49,UT,2014,79.48618374756101,953.834204970732,reconstructed_revenue_customers,EIA_revenue_customers_annual
49,UT,2015,80.92142369460029,971.0570843352036,reconstructed_revenue_customers,EIA_revenue_customers_annual
49,UT,2016,82.57496714893028,990.8996057871634,reconstructed_revenue_customers,EIA_revenue_customers_annual
49,UT,2017,81.65050929879406,979.8061115855288,reconstructed_revenue_customers,EIA_revenue_customers_annual
49,UT,2018,77.2453280692204,926.9439368306448,reconstructed_revenue_customers,EIA_revenue_customers_annual
49,UT,2019,75.63242231072128,907.5890677286554,reconstructed_revenue_customers,EIA_revenue_customers_annual
49,UT,2020,80.2384843098284,962.8618117179408,reconstructed_revenue_customers,EIA_revenue_customers_annual
49,UT,2021,80.87337117694423,970.4804541233308,reconstructed_revenue_customers,EIA_HS861_2010
49,UT,2022,84.8706712653651,1018.4480551843812,reconstructed_revenue_customers,EIA_HS861_2010
49,UT,2023,84.97177802463857,1019.6613362956627,reconstructed_revenue_customers,EIA_HS861_2010
50,VT,2008,84.05977211215409,1008.7172653458492,reconstructed_revenue_customers,EIA_revenue_customers_annual
50,VT,2009,85.82584764492695,1029.9101717391234,reconstructed_revenue_customers,EIA_revenue_customers_annual
50,VT,2010,89.70868971551147,1076.5042765861376,reconstructed_revenue_customers,EIA_revenue_customers_annual
50,VT,2011,93.18606954225352,1118.2328345070423,reconstructed_revenue_customers,EIA_revenue_customers_annual
50,VT,2012,96.0903698478087,1153.0844381737045,reconstructed_revenue_customers,EIA_revenue_customers_annual
50,VT,2013,97.50391894843692,1170.047027381243,reconstructed_revenue_customers,EIA_revenue_customers_annual
50,VT,2014,99.34460482249068,1192.135257869888,reconstructed_revenue_customers,EIA_revenue_customers_annual
50,VT,2015,95.33049199940184,1143.965903992822,reconstructed_revenue_customers,EIA_revenue_customers_annual
50,VT,2016,95.31373936845388,1143.7648724214464,reconstructed_revenue_customers,EIA_revenue_customers_annual
50,VT,2017,95.01519643786996,1140.1823572544397,reconstructed_revenue_customers,EIA_revenue_customers_annual
50,VT,2018,100.83122314668492,1209.9746777602193,reconstructed_revenue_customers,EIA_revenue_customers_annual
50,VT,2019,97.1811942564362,1166.1743310772345,reconstructed_revenue_customers,EIA_revenue_customers_annual
50,VT,2020,110.78999289052672,1329.4799146863209,reconstructed_revenue_customers,EIA_revenue_customers_annual
50,VT,2021,109.23510850102052,1310.8213020122462,reconstructed_revenue_customers,EIA_HS861_2010
50,VT,2022,113.20512141225312,1358.4614569470375,reconstructed_revenue_customers,EIA_HS861_2010
50,VT,2023,117.11330986388755,1405.3597183666507,reconstructed_revenue_customers,EIA_HS861_2010
51,VA,2008,112.75232581596292,1353.0279097915552,reconstructed_revenue_customers,EIA_revenue_customers_annual
51,VA,2009,124.05854325030724,1488.7025190036868,reconstructed_revenue_customers,EIA_revenue_customers_annual
51,VA,2010,129.42790934160266,1553.1349120992318,reconstructed_revenue_customers,EIA_revenue_customers_annual
51,VA,2011,125.8592358455321,1510.3108301463851,reconstructed_revenue_customers,EIA_revenue_customers_annual
51,VA,2012,123.72033955175868,1484.6440746211042,reconstructed_revenue_customers,EIA_revenue_customers_annual
51,VA,2013,125.36293954710683,1504.355274565282,reconstructed_revenue_customers,EIA_revenue_customers_annual
51,VA,2014,130.03900806253398,1560.4680967504078,reconstructed_revenue_customers,EIA_revenue_customers_annual
51,VA,2015,130.58045572894392,1566.9654687473271,reconstructed_revenue_customers,EIA_revenue_customers_annual
51,VA,2016,127.14461012067156,1525.7353214480588,reconstructed_revenue_customers,EIA_revenue_customers_annual
51,VA,2017,124.53645385989056,1494.4374463186866,reconstructed_revenue_customers,EIA_revenue_customers_annual
51,VA,2018,136.5864469191106,1639.037363029327,reconstructed_revenue_customers,EIA_revenue_customers_annual
51,VA,2019,135.46395041538744,1625.567404984649,reconstructed_revenue_customers,EIA_revenue_customers_annual
51,VA,2020,131.7173884362502,1580.6086612350025,reconstructed_revenue_customers,EIA_revenue_customers_annual
51,VA,2021,130.91967541519173,1571.036104982301,reconstructed_revenue_customers,EIA_HS861_2010
51,VA,2022,144.95531349298375,1739.463761915805,reconstructed_revenue_customers,EIA_HS861_2010
51,VA,2023,141.6301316661223,1699.5615799934676,reconstructed_revenue_customers,EIA_HS861_2010
53,WA,2008,81.89190426269819,982.7028511523783,reconstructed_revenue_customers,EIA_revenue_customers_annual
53,WA,2009,83.70451094257577,1004.4541313109092,reconstructed_revenue_customers,EIA_revenue_customers_annual
53,WA,2010,82.7525651430778,993.0307817169336,reconstructed_revenue_customers,EIA_revenue_customers_annual
53,WA,2011,88.40980968514464,1060.9177162217356,reconstructed_revenue_customers,EIA_revenue_customers_annual
53,WA,2012,88.46056100057488,1061.5267320068986,reconstructed_revenue_customers,EIA_revenue_customers_annual
53,WA,2013,90.54841745809964,1086.5810094971955,reconstructed_revenue_customers,EIA_revenue_customers_annual
53,WA,2014,87.14163461103057,1045.6996153323669,reconstructed_revenue_customers,EIA_revenue_customers_annual
53,WA,2015,87.64320017018811,1051.7184020422574,reconstructed_revenue_customers,EIA_revenue_customers_annual
53,WA,2016,90.55873039902106,1086.7047647882528,reconstructed_revenue_customers,EIA_revenue_customers_annual
53,WA,2017,98.77664621022534,1185.319754522704,reconstructed_revenue_customers,EIA_revenue_customers_annual
53,WA,2018,93.34115622336306,1120.0938746803567,reconstructed_revenue_customers,EIA_revenue_customers_annual
53,WA,2019,94.48971784202634,1133.876614104316,reconstructed_revenue_customers,EIA_revenue_customers_annual
53,WA,2020,95.72363250488128,1148.6835900585752,reconstructed_revenue_customers,EIA_revenue_customers_annual
53,WA,2021,99.45071839522092,1193.408620742651,reconstructed_revenue_customers,EIA_HS861_2010
53,WA,2022,103.84470671853768,1246.1364806224522,reconstructed_revenue_customers,EIA_HS861_2010
53,WA,2023,107.35166335525811,1288.2199602630974,reconstructed_revenue_customers,EIA_HS861_2010
54,WV,2008,80.15235724348211,961.8282869217852,reconstructed_revenue_customers,EIA_revenue_customers_annual
54,WV,2009,88.16045493524882,1057.925459222986,reconstructed_revenue_customers,EIA_revenue_customers_annual
54,WV,2010,105.05372057619428,1260.6446469143314,reconstructed_revenue_customers,EIA_revenue_customers_annual
54,WV,2011,105.894225585114,1270.7307070213678,reconstructed_revenue_customers,EIA_revenue_customers_annual
54,WV,2012,106.14968546629808,1273.796225595577,reconstructed_revenue_customers,EIA_revenue_customers_annual
54,WV,2013,106.43909525678689,1277.2691430814425,reconstructed_revenue_customers,EIA_revenue_customers_annual
54,WV,2014,108.13711776256496,1297.6454131507796,reconstructed_revenue_customers,EIA_revenue_customers_annual
54,WV,2015,111.5850529527454,1339.0206354329448,reconstructed_revenue_customers,EIA_revenue_customers_annual
54,WV,2016,126.09840670250377,1513.1808804300451,reconstructed_revenue_customers,EIA_revenue_customers_annual
54,WV,2017,119.30101211424812,1431.6121453709773,reconstructed_revenue_customers,EIA_revenue_customers_annual
54,WV,2018,126.70136823434868,1520.4164188121842,reconstructed_revenue_customers,EIA_revenue_customers_annual
54,WV,2019,121.89671348364828,1462.7605618037792,reconstructed_revenue_customers,EIA_revenue_customers_annual
54,WV,2020,124.08744733433146,1489.0493680119775,reconstructed_revenue_customers,EIA_revenue_customers_annual
54,WV,2021,129.60609678105368,1555.2731613726442,reconstructed_revenue_customers,EIA_HS861_2010
54,WV,2022,142.12577386016594,1705.509286321991,reconstructed_revenue_customers,EIA_HS861_2010
54,WV,2023,138.55970618709296,1662.7164742451155,reconstructed_revenue_customers,EIA_HS861_2010
55,WI,2008,81.7141359043059,980.5696308516708,reconstructed_revenue_customers,EIA_revenue_customers_annual
55,WI,2009,82.28275819630767,987.393098355692,reconstructed_revenue_customers,EIA_revenue_customers_annual
55,WI,2010,90.5892516200344,1087.0710194404128,reconstructed_revenue_customers,EIA_revenue_customers_annual
55,WI,2011,92.385541372216,1108.626496466592,reconstructed_revenue_customers,EIA_revenue_customers_annual
55,WI,2012,92.79471463700304,1113.5365756440367,reconstructed_revenue_customers,EIA_revenue_customers_annual
55,WI,2013,95.21209238597952,1142.5451086317544,reconstructed_revenue_customers,EIA_revenue_customers_annual
55,WI,2014,94.88351707373305,1138.6022048847965,reconstructed_revenue_customers,EIA_revenue_customers_annual
55,WI,2015,94.26173103094663,1131.1407723713596,reconstructed_revenue_customers,EIA_revenue_customers_annual
55,WI,2016,96.07696499196427,1152.9235799035714,reconstructed_revenue_customers,EIA_revenue_customers_annual
55,WI,2017,94.66569153270696,1135.9882983924836,reconstructed_revenue_customers,EIA_revenue_customers_annual
55,WI,2018,97.09276380476588,1165.1131656571904,reconstructed_revenue_customers,EIA_revenue_customers_annual
55,WI,2019,95.51642283822748,1146.19707405873,reconstructed_revenue_customers,EIA_revenue_customers_annual
55,WI,2020,99.4180695618183,1193.0168347418196,reconstructed_revenue_customers,EIA_revenue_customers_annual
55,WI,2021,100.17599025823169,1202.1118830987803,reconstructed_revenue_customers,EIA_HS861_2010
55,WI,2022,106.94195771428257,1283.3034925713907,reconstructed_revenue_customers,EIA_HS861_2010
55,WI,2023,111.05759092212294,1332.6910910654753,reconstructed_revenue_customers,EIA_HS861_2010
56,WY,2008,73.56335923727005,882.7603108472406,reconstructed_revenue_customers,EIA_revenue_customers_annual
56,WY,2009,76.1229212594417,913.4750551133004,reconstructed_revenue_customers,EIA_revenue_customers_annual
56,WY,2010,77.42629227245479,929.1155072694576,reconstructed_revenue_customers,EIA_revenue_customers_annual
56,WY,2011,82.2809005858811,987.3708070305732,reconstructed_revenue_customers,EIA_revenue_customers_annual
56,WY,2012,85.34814241940444,1024.1777090328533,reconstructed_revenue_customers,EIA_revenue_customers_annual
56,WY,2013,90.84621201200746,1090.1545441440894,reconstructed_revenue_customers,EIA_revenue_customers_annual
56,WY,2014,90.59630438055096,1087.1556525666117,reconstructed_revenue_customers,EIA_revenue_customers_annual
56,WY,2015,91.19082415574928,1094.2898898689912,reconstructed_revenue_customers,EIA_revenue_customers_annual
56,WY,2016,94.66017917252309,1135.922150070277,reconstructed_revenue_customers,EIA_revenue_customers_annual
56,WY,2017,97.1027240652041,1165.2326887824493,reconstructed_revenue_customers,EIA_revenue_customers_annual
56,WY,2018,94.89575800734389,1138.7490960881264,reconstructed_revenue_customers,EIA_revenue_customers_annual
56,WY,2019,96.53359089933464,1158.4030907920155,reconstructed_revenue_customers,EIA_revenue_customers_annual
56,WY,2020,96.59009258689002,1159.0811110426805,reconstructed_revenue_customers,EIA_revenue_customers_annual
56,WY,2021,96.82434849610611,1161.8921819532734,reconstructed_revenue_customers,EIA_HS861_2010
56,WY,2022,98.77995054429697,1185.3594065315635,reconstructed_revenue_customers,EIA_HS861_2010
56,WY,2023,99.24288082407274,1190.9145698888728,reconstructed_revenue_customers,EIA_HS861_2010
